"","x"
"1","ULLA"
"2","FRAM"
"3","ACNE"
"4","ACNE"
"5","ACNE"
"6","CEOC"
"7","ACNE"
"8","CEOC"
"9","CEOC"
"10","CEOC"
"11","CEOC"
"12","CEOC"
"13","CEOC"
"14","CEOC"
"15","CEOC"
"16","MOAL"
"17","ACNE"
"18","CEOC"
"19","ACNE"
"20","ACNE"
"21","ACNE"
"22","ACNE"
"23","RHCA"
"24","FRPE"
"25","CEOC"
"26","PIMA"
"27","SYVU"
"28","PODE"
"29","QUMA"
"30","SOAM"
"31","FRPE"
"32","PRVI"
"33","PRVI"
"34","PRVI"
"35","PRVI"
"36","LOPER"
"37","LOPER"
"38","RHGL"
"39","ULAM"
"40","ACNE"
"41","ULAM"
"42","ULAM"
"43","ACNE"
"44","ACNE"
"45","ACNE"
"46","ACNE"
"47","ACNE"
"48","BEPA"
"49","ACNE"
"50","FRPE"
"51","ACNE"
"52","ACNE"
"53","SYRE"
"54","EUAL"
"55","ACNE"
"56","THOC"
"57","COSA"
"58","THOC"
"59","THOC"
"60","THOC"
"61","THOC"
"62","THOC"
"63","ULPU"
"64","ROPS"
"65","ROPS"
"66","ULPU"
"67","ULPU"
"68","ACSA"
"69","ULPU"
"70","ACNE"
"71","AEHI"
"72","AEHI"
"73","ROPS"
"74","ROPS"
"75","ACNE"
"76","ACNE"
"77","ACNE"
"78","ULAM"
"79","ULAM"
"80","ULAM"
"81","ULPU"
"82","ACNE"
"83","OSVI"
"84","AMCA"
"85","AMCA"
"86","ACNE"
"87","ULAM"
"88","OSVI"
"89","AMCA"
"90","ACPL"
"91","ACSA"
"92","FRPE"
"93","ACSA"
"94","TACA"
"95","TACA"
"96","TACA"
"97","TACA"
"98","TACA"
"99","TICO"
"100","TICO"
"101","THOC"
"102","TACA"
"103","ACPL"
"104","TACA"
"105","PIPU"
"106","EUAL"
"107","THOC"
"108","EUAL"
"109","QUMA"
"110","ULPU"
"111","TACA"
"112","ACPL"
"113","ACPL"
"114","ACPL"
"115","ACPL"
"116","ACPL"
"117","ACPL"
"118","QURU"
"119","QURU"
"120","QUMA"
"121","QUMA"
"122","PNNI"
"123","ACSC"
"124","ACSA"
"125","ACPL"
"126","ACPL"
"127","ACPL"
"128","ACPL"
"129","ACPL"
"130","ACSC"
"131","ACPL"
"132","QUMA"
"133","ACSC"
"134","ACSC"
"135","PIPU"
"136","PNNI"
"137","ACPL"
"138","PNNI"
"139","PNNI"
"140","PIAB"
"141","PIPU"
"142","PIAB"
"143","PNNI"
"144","PNST"
"145","ACNE"
"146","PIPU"
"147","PNNI"
"148","PIPU"
"149","PIPU"
"150","PIGL"
"151","ACSA"
"152","PNNI"
"153","PIGL"
"154","PNNI"
"155","PIGL"
"156","PIGL"
"157","PIGL"
"158","QURU"
"159","PNNI"
"160","PNNI"
"161","PNNI"
"162","PNNI"
"163","PIPU"
"164","THOC"
"165","PIAB"
"166","PIPU"
"167","QURU"
"168","QURU"
"169","PNNI"
"170","PNNI"
"171","PRVI"
"172","PIGL"
"173","PRVI"
"174","PIGL"
"175","PRVI"
"176","PIGL"
"177","PRVI"
"178","ACSA"
"179","PNNI"
"180","ACSA"
"181","GLTR"
"182","PIAB"
"183","PNNI"
"184","PNNI"
"185","PIAB"
"186","PIAB"
"187","PNNI"
"188","PNNI"
"189","ULRU"
"190","PIAB"
"191","PIAB"
"192","PIAB"
"193","PNNI"
"194","PNNI"
"195","PIPU"
"196","ACSA"
"197","ACSA"
"198","FRPE"
"199","ACSA"
"200","PRVI"
"201","ACRU"
"202","TACA"
"203","TACA"
"204","EUAL"
"205","TIAM"
"206","EUAL"
"207","TACA"
"208","EUAL"
"209","THOC"
"210","THOC"
"211","THOC"
"212","EUAL"
"213","THOC"
"214","TACA"
"215","TACA"
"216","THOC"
"217","TACA"
"218","THOC"
"219","TACA"
"220","ACSC"
"221","ACSA"
"222","ACPL"
"223","PIPU"
"224","PIPU"
"225","ACFR"
"226","TICO"
"227","ELAN"
"228","ACSA"
"229","QUMA"
"230","ACSA"
"231","ACPL"
"232","ACSA"
"233","ACPL"
"234","ACPL"
"235","TICO"
"236","ACSA"
"237","PIPU"
"238","PIPU"
"239","QURU"
"240","ACPL"
"241","ACFR"
"242","ACPL"
"243","ACPL"
"244","ACPL"
"245","ACPL"
"246","ACPL"
"247","ACPL"
"248","ACSA"
"249","ACPL"
"250","ACPL"
"251","ACFR"
"252","ACPL"
"253","ACFR"
"254","ACPL"
"255","ACPL"
"256","ACPL"
"257","ACPL"
"258","ACPL"
"259","ACPL"
"260","ACPL"
"261","ACPL"
"262","ACPL"
"263","ACPL"
"264","ACPL"
"265","ACSA"
"266","ACSA"
"267","ACPL"
"268","TACA"
"269","TICO"
"270","TICO"
"271","AEHI"
"272","AEHI"
"273","AEHI"
"274","THOC"
"275","THOC"
"276","MOAL"
"277","PIGL"
"278","THOC"
"279","THOC"
"280","THOC"
"281","ACSA"
"282","ACPL"
"283","THOC"
"284","THOC"
"285","THOC"
"286","THOC"
"287","THOC"
"288","THOC"
"289","THOC"
"290","THOC"
"291","THOC"
"292","THOC"
"293","THOC"
"294","TACA"
"295","TACA"
"296","TACA"
"297","ACPL"
"298","RHCA"
"299","ACNE"
"300","ACPL"
"301","MOAL"
"302","TICO"
"303","ACSA"
"304","ACPL"
"305","ACPL"
"306","PRVI"
"307","FRPE"
"308","SADI"
"309","TIAM"
"310","PIAB"
"311","ULRU"
"312","TIAM"
"313","PIPU"
"314","ACSC"
"315","RHTY"
"316","MOAL"
"317","PIAB"
"318","ACPL"
"319","RHTY"
"320","ACSA"
"321","ACPL"
"322","TICO"
"323","PNST"
"324","QUMA"
"325","FAGR"
"326","ACSC"
"327","JUNI"
"328","ACSC"
"329","PIGL"
"330","ACPL"
"331","ACSA"
"332","ACSA"
"333","QURU"
"334","ACSC"
"335","ACRU"
"336","QURU"
"337","CEOC"
"338","TIAM"
"339","PNNI"
"340","ACPL"
"341","ACSA"
"342","ACPL"
"343","ACSA"
"344","GLTR"
"345","AMCA"
"346","PIPU"
"347","PODE"
"348","ACFR"
"349","ACSA"
"350","PRCE"
"351","TICO"
"352","MASY"
"353","PNST"
"354","AEHI"
"355","ACSA"
"356","TICO"
"357","ACSA"
"358","ACSA"
"359","THOC"
"360","THOC"
"361","THOC"
"362","THOC"
"363","TICO"
"364","ACPL"
"365","ACPL"
"366","ACPL"
"367","ACPL"
"368","ACPL"
"369","ACPL"
"370","ACGI"
"371","ACPL"
"372","ACPL"
"373","ACSA"
"374","ACSA"
"375","ACPL"
"376","TICO"
"377","ACSA"
"378","ACSA"
"379","ACSA"
"380","ACSA"
"381","TIAM"
"382","ACSA"
"383","QURU"
"384","ACSC"
"385","AEHI"
"386","SYVU"
"387","ACSA"
"388","SYVU"
"389","SYVU"
"390","ACPL"
"391","FRPE"
"392","THOC"
"393","THOC"
"394","THOC"
"395","THOC"
"396","TICO"
"397","TICO"
"398","AEHI"
"399","PNST"
"400","MASY"
"401","FRPE"
"402","FRPE"
"403","PIPU"
"404","ACNE"
"405","THOC"
"406","THOC"
"407","THOC"
"408","THOC"
"409","THOC"
"410","THOC"
"411","THOC"
"412","PNNI"
"413","ACNE"
"414","PNNI"
"415","MOAL"
"416","ACSC"
"417","ACSC"
"418","ACSC"
"419","ACSC"
"420","ACSC"
"421","ACSC"
"422","ACSC"
"423","ACSC"
"424","ACSC"
"425","ACSC"
"426","FRPE"
"427","FRPE"
"428","FRPE"
"429","FRPE"
"430","FRPE"
"431","FRPE"
"432","FRPE"
"433","FRPE"
"434","FRPE"
"435","FRPE"
"436","FRPE"
"437","FRPE"
"438","FRPE"
"439","FRPE"
"440","FRPE"
"441","FRPE"
"442","FRPE"
"443","FRPE"
"444","FRPE"
"445","FRPE"
"446","FRPE"
"447","FRPE"
"448","FRPE"
"449","FRPE"
"450","ACSC"
"451","ACSC"
"452","ACSC"
"453","ACSC"
"454","ACSC"
"455","ACSC"
"456","FRPE"
"457","FRPE"
"458","FRPE"
"459","FRPE"
"460","FRPE"
"461","FRPE"
"462","FRPE"
"463","FRPE"
"464","FRPE"
"465","FRPE"
"466","ACSC"
"467","ACSC"
"468","ACSC"
"469","ACSC"
"470","FRPE"
"471","FRPE"
"472","FRPE"
"473","FRPE"
"474","FRPE"
"475","FRPE"
"476","FRPE"
"477","FRPE"
"478","FRPE"
"479","FRPE"
"480","FRPE"
"481","FRPE"
"482","FRPE"
"483","FRPE"
"484","FRPE"
"485","FRPE"
"486","FRPE"
"487","FRPE"
"488","FRPE"
"489","FRPE"
"490","FRPE"
"491","FRPE"
"492","GLTR"
"493","GLTR"
"494","GLTR"
"495","GLTR"
"496","GLTR"
"497","GLTR"
"498","GLTR"
"499","GLTR"
"500","FRPE"
"501","FRPE"
"502","FRPE"
"503","FRPE"
"504","FRPE"
"505","FRPE"
"506","FRPE"
"507","FRPE"
"508","FRPE"
"509","FRPE"
"510","FRPE"
"511","ACSA"
"512","GYDI"
"513","GYDI"
"514","ULPU"
"515","SACA"
"516","ULPU"
"517","ULPU"
"518","AMCA"
"519","ULAM"
"520","ULPU"
"521","AMCA"
"522","CEOC"
"523","CEOC"
"524","ACNE"
"525","ACNE"
"526","ACNE"
"527","ACPL"
"528","AEHI"
"529","FRPE"
"530","QUMA"
"531","TIAM"
"532","TIAM"
"533","ABBA"
"534","ACFR"
"535","ACPL"
"536","ACPL"
"537","ACPL"
"538","ACPL"
"539","ACPL"
"540","ACPL"
"541","ACPL"
"542","ACPL"
"543","ACSA"
"544","ACSA"
"545","ACSA"
"546","ACSA"
"547","ACSC"
"548","ACFRAB"
"549","ACFRAB"
"550","CEOC"
"551","FRPE"
"552","FRPE"
"553","GLTR"
"554","GLTR"
"555","GLTR"
"556","GYDI"
"557","GYDI"
"558","MA"
"559","MAXXSS"
"560","MAXXSS"
"561","MAXXSS"
"562","MAXXSS"
"563","PIGL"
"564","PIGL"
"565","PIPU"
"566","SYVU"
"567","SYVU"
"568","SYVU"
"569","THOC"
"570","THOC"
"571","ULPU"
"572","ULXXMO"
"573","ACPL"
"574","ACPL"
"575","ACPL"
"576","ACPL"
"577","ACPL"
"578","ACPL"
"579","ACPL"
"580","ACPL"
"581","ACPL"
"582","ACPL"
"583","ACPL"
"584","ACPL"
"585","ACPL"
"586","ACSA"
"587","ACSA"
"588","ACSA"
"589","ACSA"
"590","ACSA"
"591","ACSA"
"592","ACSA"
"593","ACSA"
"594","ACSA"
"595","AEHI"
"596","CTSP"
"597","CTSP"
"598","FRPE"
"599","LALA"
"600","PIPU"
"601","PIPU"
"602","QURU"
"603","QURU"
"604","QURU"
"605","QURU"
"606","ACFR"
"607","ACFR"
"608","ACNE"
"609","ACPL"
"610","ACPL"
"611","ACPL"
"612","ACPL"
"613","ACPL"
"614","ACPL"
"615","ACPL"
"616","ACPL"
"617","ACPL"
"618","ACPL"
"619","ACSA"
"620","ACSA"
"621","ACSA"
"622","ACSA"
"623","ACSA"
"624","ACSA"
"625","ACSA"
"626","ACSA"
"627","ACSA"
"628","ACSA"
"629","AEHI"
"630","AEHI"
"631","AEHI"
"632","CEOC"
"633","GLTR"
"634","LALA"
"635","LALA"
"636","PIGL"
"637","PIGL"
"638","QURU"
"639","QURU"
"640","QURU"
"641","ULPU"
"642","ULPU"
"643","ULPU"
"644","ULPU"
"645","ULPU"
"646","ULPU"
"647","ACNE"
"648","ACNE"
"649","ACNE"
"650","ACSA"
"651","ACSA"
"652","ACSA"
"653","ACSA"
"654","ACSA"
"655","BEPA"
"656","BEPA"
"657","BEPE"
"658","CTSP"
"659","CEOC"
"660","CEOC"
"661","CEOC"
"662","GLTR"
"663","PIPU"
"664","PR"
"665","QURU"
"666","ULPU"
"667","ACPL"
"668","ACPL"
"669","ACSA"
"670","ACSA"
"671","ACSA"
"672","ACSA"
"673","MA"
"674","ACPA"
"675","ACPA"
"676","ACPL"
"677","ACPL"
"678","ACPL"
"679","ACPL"
"680","ACPL"
"681","ACSA"
"682","ACSA"
"683","ACSA"
"684","ACSA"
"685","ACSA"
"686","ACSA"
"687","ACSA"
"688","ACSA"
"689","ACSA"
"690","ACSA"
"691","ACSA"
"692","ACSA"
"693","ACSA"
"694","ACSA"
"695","ACSA"
"696","CTSP"
"697","CTSP"
"698","CG"
"699","FRPE"
"700","GLTR"
"701","LALA"
"702","ABBA"
"703","ACNE"
"704","ACNE"
"705","ACNE"
"706","ACNE"
"707","ACPA"
"708","ACPL"
"709","ACPL"
"710","ACPL"
"711","ACSA"
"712","FRPE"
"713","FRPE"
"714","FRPE"
"715","GLTR"
"716","GLTR"
"717","MA"
"718","MA"
"719","MA"
"720","MA"
"721","PIGL"
"722","PIGL"
"723","PIGL"
"724","PIGL"
"725","PIGL"
"726","PIPU"
"727","PIPU"
"728","PNRE"
"729","PNRE"
"730","PNSY"
"731","PODE"
"732","PR"
"733","ULAM"
"734","ULPU"
"735","ULPU"
"736","ULPU"
"737","ULPU"
"738","ULPU"
"739","ULPU"
"740","ULPU"
"741","ULPU"
"742","ULPU"
"743","ULPU"
"744","ULPU"
"745","ULPU"
"746","ACNIGC"
"747","ACSA"
"748","ACSA"
"749","ACSA"
"750","ACSA"
"751","ACSA"
"752","ACSA"
"753","ACSA"
"754","ACSA"
"755","ACSC"
"756","ACSC"
"757","ACFRAB"
"758","GLTR"
"759","GLTR"
"760","GLTR"
"761","GLTR"
"762","GLTR"
"763","GLTR"
"764","GLTR"
"765","GLTR"
"766","GLTR"
"767","GLTR"
"768","GLTR"
"769","GLTR"
"770","GLTRSH"
"771","GLTRSK"
"772","GLTRSK"
"773","GLTRSK"
"774","GLTRSK"
"775","GLTRSK"
"776","GLTRSK"
"777","GLTRSK"
"778","GLTRSK"
"779","GLTRSK"
"780","GLTRSK"
"781","GLTRSK"
"782","GLTRSK"
"783","GLTRSK"
"784","GLTRSK"
"785","GYDI"
"786","GYDI"
"787","GYDI"
"788","GYDI"
"789","GYDI"
"790","GYDI"
"791","OSVI"
"792","TIAM"
"793","TIAM"
"794","TIAM"
"795","TIAM"
"796","TIAM"
"797","TIAM"
"798","TIAM"
"799","TIAM"
"800","TIAM"
"801","TIAM"
"802","TIAM"
"803","TICO"
"804","TICO"
"805","TICO"
"806","TICO"
"807","TICO"
"808","TICO"
"809","TICO"
"810","TICO"
"811","TICO"
"812","TICO"
"813","TICOSH"
"814","TICOSH"
"815","ZESE"
"816","ZESE"
"817","ZESE"
"818","CG"
"819","CGMO"
"820","GLTRSK"
"821","GLTRSK"
"822","GLTRIN"
"823","GLTRIN"
"824","MAPRRI"
"825","MAXXRO"
"826","MAXXRO"
"827","MAXXRO"
"828","MAXXRO"
"829","MAXXRO"
"830","MAXXRO"
"831","MAXXRO"
"832","MAXXRO"
"833","QURU"
"834","QURU"
"835","ULAM"
"836","AM"
"837","AM"
"838","CEOC"
"839","FRPE"
"840","FRPE"
"841","GIBI"
"842","GIBI"
"843","GIBI"
"844","GIBI"
"845","GIBI"
"846","GIBI"
"847","MAXXTH"
"848","MAXXTH"
"849","MAXXTH"
"850","MAXXTH"
"851","MAXXTH"
"852","MAXXTH"
"853","MAXXTH"
"854","MAXXTH"
"855","MAXXTH"
"856","MAXXTH"
"857","MAXXTH"
"858","MAXXTH"
"859","MAXXTH"
"860","MAXXTH"
"861","MAXXTH"
"862","MAXXTH"
"863","MAXXTH"
"864","MAXXTH"
"865","MAXXTH"
"866","MAXXTH"
"867","MAXXTH"
"868","MAXXTH"
"869","POCA"
"870","POCA"
"871","QURO"
"872","TICO"
"873","ACNE"
"874","MASY"
"875","ACSA"
"876","ABBA"
"877","FRPE"
"878","PRVI"
"879","ACFR"
"880","CEOC"
"881","ACFR"
"882","ACSA"
"883","MA"
"884","ACSA"
"885","ACSA"
"886","MA"
"887","MA"
"888","ACSA"
"889","ULAM"
"890","FRPR"
"891","TICO"
"892","ACPL"
"893","PIMA"
"894","FRPE"
"895","PRVI"
"896","PRVI"
"897","PRVI"
"898","PRVI"
"899","PRVI"
"900","BEPA"
"901","MOAL"
"902","JUVI"
"903","ACPL"
"904","ACPL"
"905","ACPL"
"906","SYVU"
"907","PRVI"
"908","PRVI"
"909","ACPL"
"910","ACPL"
"911","SYRE"
"912","ACRU"
"913","CAAB"
"914","CAAB"
"915","ACRU"
"916","SYRE"
"917","SYRE"
"918","SOAM"
"919","ROPS"
"920","ACPL"
"921","ACPL"
"922","PIAB"
"923","PIAB"
"924","ACSA"
"925","ACSC"
"926","ACPA"
"927","ACSC"
"928","ACPL"
"929","SYRE"
"930","AEHI"
"931","ACPL"
"932","ACSA"
"933","THOC"
"934","GLTR"
"935","GLTR"
"936","THOC"
"937","GLTR"
"938","THOC"
"939","GLTR"
"940","THOC"
"941","GLTR"
"942","GLTR"
"943","GLTR"
"944","THOC"
"945","THOC"
"946","THOC"
"947","THOC"
"948","THOC"
"949","THOC"
"950","THOC"
"951","THOC"
"952","THOC"
"953","THOC"
"954","THOC"
"955","THOC"
"956","THOC"
"957","PIPU"
"958","PIPU"
"959","ACPA"
"960","ACPA"
"961","JUVI"
"962","JUVI"
"963","ACPL"
"964","ACPL"
"965","ACPL"
"966","ACPL"
"967","ACPA"
"968","ARSP"
"969","ARSP"
"970","CTSP"
"971","ARSP"
"972","ARSP"
"973","ARSP"
"974","ACPA"
"975","ACPA"
"976","ACPL"
"977","ACPL"
"978","ACPL"
"979","ACPL"
"980","ULAM"
"981","ULAM"
"982","ACNE"
"983","ULAM"
"984","ULAM"
"985","ULAM"
"986","ACFR"
"987","ULAM"
"988","ACNE"
"989","ACNE"
"990","ACNE"
"991","ACNE"
"992","ACNE"
"993","THOC"
"994","THOC"
"995","THOC"
"996","QURU"
"997","ACPL"
"998","ACNE"
"999","ULRU"
"1000","ULRU"
"1001","ACPL"
"1002","ACPL"
"1003","ACPL"
"1004","ACNE"
"1005","ACNE"
"1006","PRAV"
"1007","PRAV"
"1008","FRPE"
"1009","PIPU"
"1010","FRPE"
"1011","TIAM"
"1012","PIAB"
"1013","MA"
"1014","TIAM"
"1015","ULAM"
"1016","JUVI"
"1017","ACPL"
"1018","ULAM"
"1019","ACPL"
"1020","JUCI"
"1021","THOC"
"1022","THOC"
"1023","THOC"
"1024","THOC"
"1025","HYAR"
"1026","ACPL"
"1027","ACPL"
"1028","MASY"
"1029","ACPL"
"1030","ACPL"
"1031","FRPE"
"1032","ACPL"
"1033","SYVU"
"1034","ACPL"
"1035","ACPL"
"1036","ACSA"
"1037","ACSA"
"1038","ACSA"
"1039","PNNI"
"1040","PNNI"
"1041","ACSA"
"1042","ACSA"
"1043","ACSA"
"1044","ACSA"
"1045","GLTR"
"1046","PIPU"
"1047","PIPU"
"1048","SYVU"
"1049","PIPU"
"1050","GLTR"
"1051","PIPU"
"1052","PIPU"
"1053","GLTR"
"1054","GLTR"
"1055","MAIO"
"1056","GLTR"
"1057","GLTR"
"1058","ULPU"
"1059","AEHI"
"1060","EUAL"
"1061","EUAL"
"1062","EUAL"
"1063","EUAL"
"1064","EUAL"
"1065","EUAL"
"1066","EUAL"
"1067","EUAL"
"1068","EUAL"
"1069","EUAL"
"1070","GLTR"
"1071","GLTR"
"1072","EUAL"
"1073","EUAL"
"1074","EUAL"
"1075","EUAL"
"1076","EUAL"
"1077","EUAL"
"1078","EUAL"
"1079","EUAL"
"1080","EUAL"
"1081","EUAL"
"1082","SOAM"
"1083","SOAM"
"1084","GLTR"
"1085","PIGL"
"1086","PIGL"
"1087","PIGL"
"1088","ACNE"
"1089","MOAL"
"1090","MASY"
"1091","TICO"
"1092","TICO"
"1093","RHCA"
"1094","CAAB"
"1095","CAAB"
"1096","PRCE"
"1097","CAAB"
"1098","THOC"
"1099","THOC"
"1100","MAXXDA"
"1101","THOC"
"1102","THOC"
"1103","THOC"
"1104","PRVI"
"1105","THOC"
"1106","THOC"
"1107","THOC"
"1108","GLTR"
"1109","RHCA"
"1110","THOC"
"1111","THOC"
"1112","THOC"
"1113","THOC"
"1114","HY"
"1115","TACA"
"1116","TACA"
"1117","MA"
"1118","RHCA"
"1119","RHCA"
"1120","RHCA"
"1121","RHCA"
"1122","ACPL"
"1123","ACPL"
"1124","ACPL"
"1125","ACPL"
"1126","ACPL"
"1127","ACPL"
"1128","ACPL"
"1129","ACPL"
"1130","ACPL"
"1131","AMCA"
"1132","AMSA"
"1133","THOC"
"1134","PIGL"
"1135","PIGL"
"1136","PIGL"
"1137","ACGI"
"1138","RHCA"
"1139","ACGI"
"1140","ACGI"
"1141","ACGI"
"1142","ACGI"
"1143","ACGI"
"1144","PNRE"
"1145","PNRE"
"1146","PIPU"
"1147","GLTR"
"1148","GLTR"
"1149","GLTR"
"1150","GLTR"
"1151","THOC"
"1152","THOC"
"1153","THOC"
"1154","THOC"
"1155","THOC"
"1156","ULMI"
"1157","THOC"
"1158","THOC"
"1159","THOC"
"1160","GLTR"
"1161","SOAM"
"1162","PIAB"
"1163","THOC"
"1164","THOC"
"1165","THOC"
"1166","THOC"
"1167","RHCA"
"1168","ACPA"
"1169","MGXXSO"
"1170","MA"
"1171","GYDI"
"1172","THOC"
"1173","ACPL"
"1174","ACPL"
"1175","ACPL"
"1176","ACNE"
"1177","ACNE"
"1178","ACNE"
"1179","ACNE"
"1180","ACNE"
"1181","ACNE"
"1182","ULPU"
"1183","ACPL"
"1184","ACPL"
"1185","ACPL"
"1186","ACPL"
"1187","ACPL"
"1188","ACPL"
"1189","THOC"
"1190","THOC"
"1191","THOC"
"1192","ACNE"
"1193","GYDI"
"1194","GYDI"
"1195","GYDI"
"1196","GYDI"
"1197","SYVU"
"1198","PIPU"
"1199","PIPU"
"1200","PNNI"
"1201","PIPU"
"1202","ACSA"
"1203","CTSP"
"1204","PIMA"
"1205","SYREIS"
"1206","CEOC"
"1207","ACPL"
"1208","ACPA"
"1209","MASY"
"1210","ACNE"
"1211","ACNE"
"1212","AMCA"
"1213","SYVU"
"1214","HY"
"1215","SYREIS"
"1216","ST"
"1217","MAKO"
"1218","ROPS"
"1219","TSCA"
"1220","ACSC"
"1221","ACNE"
"1222","PRCR"
"1223","ACPA"
"1224","SYVU"
"1225","THOC"
"1226","MA"
"1227","SYVU"
"1228","ULAM"
"1229","ULAM"
"1230","ULAM"
"1231","QURU"
"1232","JUNI"
"1233","GIBI"
"1234","BEPA"
"1235","GLTR"
"1236","THOC"
"1237","SYVU"
"1238","ACSC"
"1239","ACPL"
"1240","ACSA"
"1241","MASY"
"1242","ACNE"
"1243","THOC"
"1244","TACA"
"1245","TACA"
"1246","EU"
"1247","LOPER"
"1248","EU"
"1249","EU"
"1250","PIPU"
"1251","AMCA"
"1252","AMCA"
"1253","EU"
"1254","EU"
"1255","THOC"
"1256","TACA"
"1257","ABBA"
"1258","COAL"
"1259","AMCA"
"1260","EUAL"
"1261","MA"
"1262","CG"
"1263","MASY"
"1264","ACPL"
"1265","PRVI"
"1266","RHCA"
"1267","RHCA"
"1268","SYVU"
"1269","GLTR"
"1270","GLTR"
"1271","GLTR"
"1272","TIAM"
"1273","TIAM"
"1274","ACPA"
"1275","THOC"
"1276","THOC"
"1277","THOC"
"1278","THOC"
"1279","THOC"
"1280","THOC"
"1281","THOC"
"1282","THOC"
"1283","PIMA"
"1284","ACPL"
"1285","THOC"
"1286","THOC"
"1287","SYVU"
"1288","THOC"
"1289","THOC"
"1290","THOC"
"1291","THOC"
"1292","SYPU"
"1293","SYPU"
"1294","PRDO"
"1295","HEMI"
"1296","THOC"
"1297","THOC"
"1298","THOC"
"1299","THOC"
"1300","THOC"
"1301","THOC"
"1302","THOC"
"1303","THOC"
"1304","THOC"
"1305","PIPU"
"1306","THOC"
"1307","THOC"
"1308","THOC"
"1309","THOC"
"1310","THOC"
"1311","THOC"
"1312","ACRU"
"1313","CEOC"
"1314","HYPA"
"1315","HY"
"1316","HY"
"1317","CTCO"
"1318","ACPL"
"1319","HY"
"1320","THOC"
"1321","THOC"
"1322","THOC"
"1323","THOC"
"1324","THOC"
"1325","THOC"
"1326","HY"
"1327","CEOC"
"1328","THOC"
"1329","THOC"
"1330","THOC"
"1331","THOC"
"1332","THOC"
"1333","BEPA"
"1334","THOC"
"1335","BEPA"
"1336","THOC"
"1337","THOC"
"1338","THOC"
"1339","THOC"
"1340","THOC"
"1341","THOC"
"1342","ACPL"
"1343","GYDI"
"1344","GYDI"
"1345","ULPU"
"1346","ULPU"
"1347","ULPU"
"1348","ULPU"
"1349","ACPL"
"1350","ULPU"
"1351","ACPL"
"1352","ACPL"
"1353","ULPU"
"1354","SOAU"
"1355","ULPU"
"1356","ULPU"
"1357","ULPU"
"1358","CTSP"
"1359","ACNE"
"1360","ACSA"
"1361","CEOC"
"1362","AEHI"
"1363","ACPL"
"1364","GYDI"
"1365","PNRE"
"1366","PNRE"
"1367","PNRE"
"1368","PNRE"
"1369","PNRE"
"1370","PNRE"
"1371","PNRE"
"1372","PNRE"
"1373","ACPL"
"1374","ACPL"
"1375","ACNE"
"1376","PIAB"
"1377","FRPE"
"1378","PIAB"
"1379","ULRU"
"1380","ACNE"
"1381","ULRU"
"1382","ROPS"
"1383","ROPS"
"1384","ROPS"
"1385","ROPS"
"1386","ACPL"
"1387","ACPL"
"1388","ACPL"
"1389","ROPS"
"1390","ROPS"
"1391","ROPS"
"1392","ROPS"
"1393","ROPS"
"1394","ACNE"
"1395","ACNE"
"1396","ACNE"
"1397","ROPS"
"1398","ROPS"
"1399","ULAM"
"1400","ROPS"
"1401","ULAM"
"1402","ULAM"
"1403","ACNE"
"1404","ACPL"
"1405","ACPL"
"1406","ACPL"
"1407","PIPU"
"1408","PIPU"
"1409","PNNI"
"1410","GLTR"
"1411","GLTR"
"1412","GLTR"
"1413","GLTR"
"1414","ACSA"
"1415","PRVI"
"1416","PR"
"1417","THOC"
"1418","THOC"
"1419","THOC"
"1420","THOC"
"1421","THOC"
"1422","THOC"
"1423","THOC"
"1424","THOC"
"1425","THOC"
"1426","PRVI"
"1427","ACPL"
"1428","PRVI"
"1429","AMCA"
"1430","AMAR"
"1431","AMAR"
"1432","THOC"
"1433","ACPL"
"1434","THOC"
"1435","AMAR"
"1436","THOC"
"1437","AMAR"
"1438","THOC"
"1439","ACPL"
"1440","THOC"
"1441","AMAR"
"1442","THOC"
"1443","AMAR"
"1444","ACSA"
"1445","ACSA"
"1446","QURU"
"1447","SYVU"
"1448","ACPL"
"1449","AMAR"
"1450","SYVU"
"1451","ACPL"
"1452","SYVU"
"1453","ACPL"
"1454","ULAM"
"1455","SYVU"
"1456","SYVU"
"1457","ACSA"
"1458","ACPL"
"1459","ACPL"
"1460","ACPL"
"1461","ACPL"
"1462","MAIO"
"1463","MAIO"
"1464","MAIO"
"1465","MAIO"
"1466","MAIO"
"1467","MAIO"
"1468","ACPL"
"1469","ACPL"
"1470","PIPU"
"1471","SYVU"
"1472","RHCA"
"1473","CGPU"
"1474","TICO"
"1475","SYRE"
"1476","SYVU"
"1477","ACPL"
"1478","CEOC"
"1479","AMCA"
"1480","SACA"
"1481","ACPL"
"1482","THOC"
"1483","PRDO"
"1484","THOC"
"1485","PRDO"
"1486","SYVU"
"1487","SYVU"
"1488","THOC"
"1489","THOC"
"1490","ACNE"
"1491","PNRE"
"1492","SYVU"
"1493","MA"
"1494","SYRE"
"1495","THOC"
"1496","THOC"
"1497","THOC"
"1498","ACPA"
"1499","SYVU"
"1500","MASY"
"1501","MASY"
"1502","PNRE"
"1503","PNRE"
"1504","PNRE"
"1505","PNRE"
"1506","PIPU"
"1507","ACPL"
"1508","ACNE"
"1509","ACNE"
"1510","CEOC"
"1511","ACNE"
"1512","JUVI"
"1513","SYVU"
"1514","TACA"
"1515","TACA"
"1516","TACA"
"1517","ACPL"
"1518","MOAL"
"1519","ACPL"
"1520","ULPU"
"1521","ULPU"
"1522","ACPL"
"1523","ULPU"
"1524","ACPL"
"1525","ACPL"
"1526","ACPL"
"1527","ULPU"
"1528","ULPU"
"1529","ULPU"
"1530","ULPU"
"1531","ACPL"
"1532","ACPL"
"1533","ACPL"
"1534","ACPL"
"1535","BRPA"
"1536","ACPL"
"1537","ACPL"
"1538","PNNI"
"1539","PIBA"
"1540","THOC"
"1541","TACA"
"1542","CAAB"
"1543","TACA"
"1544","THOC"
"1545","ACPL"
"1546","ULRU"
"1547","ACPL"
"1548","MA"
"1549","PRAV"
"1550","TACA"
"1551","ACPL"
"1552","TACA"
"1553","TICO"
"1554","TICO"
"1555","TICO"
"1556","PIMA"
"1557","PIMA"
"1558","PIAB"
"1559","TICO"
"1560","ACPL"
"1561","PIMA"
"1562","ACPL"
"1563","ACPL"
"1564","RHCA"
"1565","MA"
"1566","ACPL"
"1567","ACPL"
"1568","ACPL"
"1569","ACPL"
"1570","ULAM"
"1571","ACPL"
"1572","ACPL"
"1573","ACPL"
"1574","RHCA"
"1575","ACPL"
"1576","PRVI"
"1577","ACNE"
"1578","ULAM"
"1579","SYVU"
"1580","ULAM"
"1581","ULAM"
"1582","MAIO"
"1583","TACA"
"1584","TIAMHE"
"1585","ROPS"
"1586","SYRE"
"1587","GLTR"
"1588","PIMA"
"1589","BEPA"
"1590","BEPA"
"1591","BEPA"
"1592","BEPA"
"1593","BEPA"
"1594","BEPA"
"1595","ACPA"
"1596","PIRU"
"1597","GIBI"
"1598","ROPS"
"1599","LADE"
"1600","PIGL"
"1601","ROPS"
"1602","ROPS"
"1603","ACPL"
"1604","TICO"
"1605","ROPS"
"1606","BEPO"
"1607","SYVU"
"1608","ALGL"
"1609","MA"
"1610","MA"
"1611","ACPL"
"1612","ACGI"
"1613","PIPU"
"1614","MGXXSO"
"1615","RHCA"
"1616","ACPA"
"1617","ACPA"
"1618","ACRU"
"1619","CG"
"1620","PNSY"
"1621","CG"
"1622","CECA"
"1623","SYVU"
"1624","SYVU"
"1625","SYVU"
"1626","SYVU"
"1627","MASY"
"1628","ACSA"
"1629","THOC"
"1630","THOC"
"1631","THOC"
"1632","THOC"
"1633","THOC"
"1634","THOC"
"1635","THOC"
"1636","THOC"
"1637","HY"
"1638","HY"
"1639","PIRU"
"1640","ULPU"
"1641","GLTR"
"1642","OSVI"
"1643","TACA"
"1644","PIPU"
"1645","RHCA"
"1646","RHCA"
"1647","ACSC"
"1648","ACPL"
"1649","PNST"
"1650","PIPU"
"1651","PIGL"
"1652","THOC"
"1653","THOC"
"1654","ULAM"
"1655","ACSA"
"1656","ACNE"
"1657","SYVU"
"1658","CECA"
"1659","ACNE"
"1660","SYVU"
"1661","ULAM"
"1662","ACPA"
"1663","WE"
"1664","SYVU"
"1665","SYVU"
"1666","THOC"
"1667","MA"
"1668","ACPL"
"1669","ACSA"
"1670","ACNE"
"1671","ACNE"
"1672","ACNE"
"1673","ACPL"
"1674","ACPL"
"1675","ACPL"
"1676","ACPL"
"1677","ACSC"
"1678","ACSA"
"1679","ACNE"
"1680","ACSA"
"1681","TIAM"
"1682","ACSA"
"1683","ACNE"
"1684","ACNE"
"1685","ACNE"
"1686","ACPL"
"1687","BEPO"
"1688","PIPU"
"1689","ACSA"
"1690","THOC"
"1691","ULRU"
"1692","ULRU"
"1693","THOC"
"1694","ULRU"
"1695","THOC"
"1696","ULRU"
"1697","THOC"
"1698","ULRU"
"1699","JUVI"
"1700","ACNE"
"1701","ULRU"
"1702","PIGL"
"1703","ULRU"
"1704","TACA"
"1705","THOC"
"1706","PIPU"
"1707","THOC"
"1708","THOC"
"1709","JUVI"
"1710","JUVI"
"1711","ULMI"
"1712","ULPU"
"1713","PIPU"
"1714","ACPL"
"1715","ACPL"
"1716","ACPL"
"1717","ACPL"
"1718","FRPE"
"1719","TICO"
"1720","CTSP"
"1721","SYVU"
"1722","ACPL"
"1723","ACNE"
"1724","ACNE"
"1725","ACPL"
"1726","ACNE"
"1727","ACNE"
"1728","QUMA"
"1729","QUMA"
"1730","SOXXTH"
"1731","SYVU"
"1732","ACNE"
"1733","SYVU"
"1734","ULPU"
"1735","SYVU"
"1736","SYVU"
"1737","SYVU"
"1738","TIAM"
"1739","FRPE"
"1740","ACNE"
"1741","RHTY"
"1742","CEOC"
"1743","CEOC"
"1744","ACNE"
"1745","FRPE"
"1746","ACNE"
"1747","ACNE"
"1748","ACNE"
"1749","ACNE"
"1750","ACNE"
"1751","ACPL"
"1752","CEOC"
"1753","JUNI"
"1754","GIBI"
"1755","ACNE"
"1756","ACNE"
"1757","CPCA"
"1758","CTCO"
"1759","MOAL"
"1760","ULAM"
"1761","ACNE"
"1762","ACPL"
"1763","BEPO"
"1764","EUEU"
"1765","EUEU"
"1766","ULAM"
"1767","ACSA"
"1768","TACA"
"1769","TACA"
"1770","TACA"
"1771","ACSA"
"1772","THOC"
"1773","THOC"
"1774","THOC"
"1775","THOC"
"1776","THOC"
"1777","ULAM"
"1778","ACNE"
"1779","ROCA"
"1780","ACNE"
"1781","PODE"
"1782","SOAM"
"1783","ACPL"
"1784","TICO"
"1785","TICO"
"1786","TICO"
"1787","PIPU"
"1788","PIPU"
"1789","FRPE"
"1790","FRPE"
"1791","FRPE"
"1792","FRPE"
"1793","FRPE"
"1794","FRPE"
"1795","CEOC"
"1796","FRPE"
"1797","FRPE"
"1798","THOC"
"1799","ACFR"
"1800","ACSA"
"1801","ACNE"
"1802","ACNE"
"1803","ACPL"
"1804","ACNE"
"1805","SOAU"
"1806","ACNE"
"1807","GLTR"
"1808","ULPU"
"1809","THOC"
"1810","ACNE"
"1811","ACTA"
"1812","ACTA"
"1813","ACTA"
"1814","ACTA"
"1815","ACTA"
"1816","ACPL"
"1817","ACTA"
"1818","ACTA"
"1819","ACTA"
"1820","ACTA"
"1821","ACTA"
"1822","THOC"
"1823","GLTR"
"1824","SYRE"
"1825","TACA"
"1826","GLTR"
"1827","MASY"
"1828","AMAR"
"1829","AMAR"
"1830","AMAR"
"1831","THOC"
"1832","THOC"
"1833","CTCO"
"1834","THOC"
"1835","TACA"
"1836","THOC"
"1837","PRCE"
"1838","SYRE"
"1839","GLTR"
"1840","GLTR"
"1841","GLTR"
"1842","GLTR"
"1843","GLTR"
"1844","SYRE"
"1845","CAAB"
"1846","MOAL"
"1847","PRCE"
"1848","ACSA"
"1849","ACSA"
"1850","PIPU"
"1851","EUAL"
"1852","TIAM"
"1853","CEOC"
"1854","CEOC"
"1855","ULRU"
"1856","PRVI"
"1857","SACA"
"1858","ACNE"
"1859","ACTA"
"1860","MORU"
"1861","CAAB"
"1862","AEHI"
"1863","ALGL"
"1864","RHTY"
"1865","THOC"
"1866","THOC"
"1867","THOC"
"1868","THOC"
"1869","THOC"
"1870","THOC"
"1871","SAHU"
"1872","EUAL"
"1873","RHAR"
"1874","RHAR"
"1875","EUAL"
"1876","THOC"
"1877","EUAL"
"1878","JUVI"
"1879","AMAR"
"1880","ROPS"
"1881","ULPU"
"1882","ROPS"
"1883","THOC"
"1884","PRVI"
"1885","LIVU"
"1886","THOC"
"1887","LIVU"
"1888","MOAL"
"1889","MOAL"
"1890","PONI"
"1891","LOPER"
"1892","ULAM"
"1893","MASY"
"1894","TIAM"
"1895","ACNE"
"1896","ACSA"
"1897","ACNE"
"1898","MAIO"
"1899","ACSA"
"1900","ACSA"
"1901","ACSA"
"1902","THOC"
"1903","THOC"
"1904","ACSA"
"1905","MASY"
"1906","MASY"
"1907","JUVI"
"1908","JUVI"
"1909","JUVI"
"1910","ULPU"
"1911","ULPU"
"1912","ULPU"
"1913","TACA"
"1914","MGXXSO"
"1915","ACNE"
"1916","ACNE"
"1917","ULMI"
"1918","MASY"
"1919","ACSA"
"1920","ACNE"
"1921","ACNE"
"1922","PIPU"
"1923","PIPU"
"1924","MASY"
"1925","MASY"
"1926","ACPL"
"1927","PRAV"
"1928","ACPL"
"1929","CTCO"
"1930","AMSA"
"1931","BEPA"
"1932","JUVI"
"1933","PIPU"
"1934","ACPL"
"1935","PRPE"
"1936","THOC"
"1937","SAAL"
"1938","GLTR"
"1939","GLTR"
"1940","ACPL"
"1941","ACSA"
"1942","PIMA"
"1943","THOC"
"1944","PIPU"
"1945","VIAC"
"1946","GLTR"
"1947","GLTR"
"1948","TICO"
"1949","PIPU"
"1950","ULAM"
"1951","MOAL"
"1952","AMGR"
"1953","AMGR"
"1954","AMGRAB"
"1955","AMGRAB"
"1956","AMGRAB"
"1957","AMGRAB"
"1958","AMGRAB"
"1959","AMGRAB"
"1960","AMGRAB"
"1961","AMGRAB"
"1962","CRCO"
"1963","CRCO"
"1964","CRCO"
"1965","CRCO"
"1966","CRCO"
"1967","CRCO"
"1968","CRCO"
"1969","CRCO"
"1970","CRCO"
"1971","CRCO"
"1972","ACPLEQ"
"1973","ACSA"
"1974","ACSA"
"1975","ACSA"
"1976","QUMA"
"1977","QUMA"
"1978","ULXXMG"
"1979","GLTRSK"
"1980","GLTRSK"
"1981","GLTRSK"
"1982","GLTRIN"
"1983","ACFRAB"
"1984","GYDI"
"1985","ULAM"
"1986","ACSA"
"1987","ACSA"
"1988","ACSA"
"1989","ACSA"
"1990","ACSAPY"
"1991","QUMA"
"1992","TICOGL"
"1993","GLTRSK"
"1994","GLTRSK"
"1995","GLTRSK"
"1996","GLTRSK"
"1997","GLTRIN"
"1998","GLTRIN"
"1999","GLTRIN"
"2000","GLTRIN"
"2001","GLTRIN"
"2002","ACSAPY"
"2003","ACSAPY"
"2004","GLTRSK"
"2005","GLTRIN"
"2006","GLTRIN"
"2007","ULXXHO"
"2008","GLTRSK"
"2009","GLTRSK"
"2010","GLTRSK"
"2011","GLTRSK"
"2012","GLTRSK"
"2013","GLTRSK"
"2014","GLTRSK"
"2015","GLTRIN"
"2016","GLTRSK"
"2017","GLTRSK"
"2018","GLTRSK"
"2019","GLTRSK"
"2020","GYDI"
"2021","GYDI"
"2022","ULXXMO"
"2023","ULXXMO"
"2024","GLTRNA"
"2025","GLTRNA"
"2026","GLTRNA"
"2027","GLTRSK"
"2028","GLTRSK"
"2029","GLTRSK"
"2030","GLTRSK"
"2031","GLTRSK"
"2032","GLTR"
"2033","GLTR"
"2034","GLTR"
"2035","GLTR"
"2036","GLTR"
"2037","GLTR"
"2038","FRPE"
"2039","GLTRSK"
"2040","GLTRSK"
"2041","GLTRIN"
"2042","GYDI"
"2043","GYDI"
"2044","GYDI"
"2045","ACPL"
"2046","ACPLDE"
"2047","ACPLEQ"
"2048","ACSA"
"2049","ACSAPY"
"2050","ACSAPY"
"2051","ULXXMG"
"2052","ULXXMG"
"2053","ULXXMG"
"2054","TICOGR"
"2055","TICOGR"
"2056","TICOGR"
"2057","TICOGR"
"2058","TICOGR"
"2059","TICOGR"
"2060","TICOGR"
"2061","TICOGR"
"2062","TICOGR"
"2063","TICOGR"
"2064","ACFRAB"
"2065","ACFRAB"
"2066","ACFRAB"
"2067","ACFRAB"
"2068","AMGRAB"
"2069","AMGRAB"
"2070","AMGRAB"
"2071","AMGRAB"
"2072","AMGRAB"
"2073","GYDI"
"2074","GYDI"
"2075","GYDI"
"2076","GYDI"
"2077","GYDI"
"2078","GYDI"
"2079","ULAM"
"2080","CEOC"
"2081","CEOC"
"2082","CEOC"
"2083","CEOC"
"2084","CEOC"
"2085","CEOC"
"2086","CEOC"
"2087","CEOC"
"2088","CEOC"
"2089","PNST"
"2090","ACSA"
"2091","ACSA"
"2092","ACSA"
"2093","ACSA"
"2094","CEOC"
"2095","CEOC"
"2096","GLTRSK"
"2097","ACFRAB"
"2098","ACFRAB"
"2099","ACFRAB"
"2100","ACFRAB"
"2101","ACFRAB"
"2102","ACFRAB"
"2103","ABBA"
"2104","ABBA"
"2105","ABBA"
"2106","ABBA"
"2107","ABBA"
"2108","ACPL"
"2109","ACSA"
"2110","ACSA"
"2111","AMCA"
"2112","CEOC"
"2113","GYDI"
"2114","QUMA"
"2115","ULAM"
"2116","GYDI"
"2117","GYDI"
"2118","GYDI"
"2119","GYDI"
"2120","GYDI"
"2121","GYDI"
"2122","GYDI"
"2123","GYDI"
"2124","GYDI"
"2125","GYDI"
"2126","GYDI"
"2127","PNNIAU"
"2128","PNNIAU"
"2129","PNNIAU"
"2130","PNNIAU"
"2131","PNNIAU"
"2132","BENIHE"
"2133","GIBIAG"
"2134","QUMA"
"2135","QUMA"
"2136","TICO"
"2137","ULPUPR"
"2138","ULPUPR"
"2139","ULPUPR"
"2140","QURU"
"2141","TICO"
"2142","ULPU"
"2143","ULPU"
"2144","ULPU"
"2145","ULPU"
"2146","QUMA"
"2147","QUMA"
"2148","ACNE"
"2149","GIBIAG"
"2150","GIBIAG"
"2151","QUBI"
"2152","ROPS"
"2153","TICO"
"2154","TICO"
"2155","ULXXMO"
"2156","ULXXMO"
"2157","ULXXMO"
"2158","TIAM"
"2159","TIAM"
"2160","TIAM"
"2161","TIAM"
"2162","TIAM"
"2163","TIAM"
"2164","TICO"
"2165","ACSA"
"2166","ACSA"
"2167","ACSA"
"2168","ACSAPY"
"2169","ACSAPY"
"2170","FRPE"
"2171","ACSA"
"2172","ACSA"
"2173","ACSA"
"2174","ACSA"
"2175","ACSA"
"2176","ACSA"
"2177","ACSA"
"2178","ACSA"
"2179","ACSA"
"2180","ACSAPY"
"2181","FRPE"
"2182","ULDADI"
"2183","GIBI"
"2184","GIBI"
"2185","GIBI"
"2186","GIBI"
"2187","TICOGR"
"2188","ACSA"
"2189","ACSA"
"2190","ACSA"
"2191","GLTRSK"
"2192","GYDI"
"2193","TICOGR"
"2194","TICOGR"
"2195","TICOGR"
"2196","TICOGR"
"2197","QUROFA"
"2198","TICO"
"2199","TICO"
"2200","TICO"
"2201","TICO"
"2202","TICOGR"
"2203","TICOSH"
"2204","FRPE"
"2205","GYDI"
"2206","GYDI"
"2207","GYDI"
"2208","GYDI"
"2209","GYDI"
"2210","GYDI"
"2211","TICOGR"
"2212","ACPLCO"
"2213","QUMA"
"2214","QUMA"
"2215","QUMA"
"2216","TICO"
"2217","TICO"
"2218","TICOSH"
"2219","ACSAPY"
"2220","QUBI"
"2221","QUBI"
"2222","QUBI"
"2223","QUBI"
"2224","QUBI"
"2225","ACPLCO"
"2226","ACSA"
"2227","ACSA"
"2228","ULXXMO"
"2229","ULXXMO"
"2230","ULXXMO"
"2231","ULXXMO"
"2232","ULXXMO"
"2233","ULXXMO"
"2234","ULXXMO"
"2235","ULXXMO"
"2236","ACSA"
"2237","ACSA"
"2238","ACSA"
"2239","ACFRAB"
"2240","GLTRIN"
"2241","ULDADI"
"2242","ULDADI"
"2243","ULDADI"
"2244","ULDADI"
"2245","ULXXMO"
"2246","ACPL"
"2247","ACSA"
"2248","GYDI"
"2249","GYDI"
"2250","GYDI"
"2251","GYDI"
"2252","GYDI"
"2253","ACPLCO"
"2254","GLTRSK"
"2255","GYDI"
"2256","QURO"
"2257","TICO"
"2258","ACPLCO"
"2259","ACPLCO"
"2260","ACPLCO"
"2261","ACPLCO"
"2262","ACPLCO"
"2263","ACPLCO"
"2264","ACPLCO"
"2265","ACPLCO"
"2266","GYDI"
"2267","ACPL"
"2268","ACSA"
"2269","ACSA"
"2270","ACPL"
"2271","ACPLEQ"
"2272","ACSA"
"2273","ACSAPY"
"2274","GYDI"
"2275","TICOGR"
"2276","TICOGR"
"2277","TICOGR"
"2278","TICOGR"
"2279","TICOGR"
"2280","ULDADI"
"2281","ULXXMO"
"2282","ULXXMO"
"2283","ULXXMO"
"2284","ULHOPI"
"2285","ULXXNH"
"2286","ULXXNH"
"2287","GYDI"
"2288","TICO"
"2289","TICO"
"2290","TICO"
"2291","ACSA"
"2292","ACSA"
"2293","GYDI"
"2294","GYDI"
"2295","GYDI"
"2296","ACSA"
"2297","CEOC"
"2298","ULXXHO"
"2299","ULXXMO"
"2300","ULXXMO"
"2301","CTSP"
"2302","GLTRSK"
"2303","GYDI"
"2304","UL"
"2305","UL"
"2306","UL"
"2307","ULXXMO"
"2308","ACSA"
"2309","ACSA"
"2310","ACSA"
"2311","ACSA"
"2312","ACSA"
"2313","ACSA"
"2314","ULXXMO"
"2315","ULXXMO"
"2316","ULXXMO"
"2317","ULXXMO"
"2318","ULXXMO"
"2319","ACSA"
"2320","ACSA"
"2321","ACSA"
"2322","ACSA"
"2323","ACSA"
"2324","ACSA"
"2325","GLTRSK"
"2326","GLTRSK"
"2327","GYDI"
"2328","GLTRSK"
"2329","GLTRSK"
"2330","ULXXCA"
"2331","ULXXCA"
"2332","ULXXCA"
"2333","QUMA"
"2334","QUMA"
"2335","TICO"
"2336","ULXXNH"
"2337","ULXXMO"
"2338","ULXXMO"
"2339","ULXXMO"
"2340","ULXXMO"
"2341","ULXXMO"
"2342","ULXXMO"
"2343","QUMA"
"2344","TICO"
"2345","ACPLCO"
"2346","ULXXMO"
"2347","ULXXNH"
"2348","ULXXNH"
"2349","GLTRSK"
"2350","GLTRSK"
"2351","GLTRIN"
"2352","QUMA"
"2353","GYDI"
"2354","GYDI"
"2355","QUMA"
"2356","ULXXMO"
"2357","ACSA"
"2358","ACSA"
"2359","ACSA"
"2360","GYDI"
"2361","GYDI"
"2362","ACSA"
"2363","ACSA"
"2364","ACSA"
"2365","GLTRSK"
"2366","ULDADI"
"2367","ULXXMO"
"2368","ULXXMO"
"2369","ACPL"
"2370","ULAM"
"2371","ULPU"
"2372","GLTRNA"
"2373","GLTRSK"
"2374","GLTRSK"
"2375","GLTRSK"
"2376","GLTRSK"
"2377","GLTRSK"
"2378","GLTRSK"
"2379","GLTRSK"
"2380","ULXXCA"
"2381","ULXXHO"
"2382","QUMA"
"2383","TICO"
"2384","TICO"
"2385","TICO"
"2386","TICO"
"2387","GYDI"
"2388","ULXXHO"
"2389","ACPL"
"2390","ACSA"
"2391","GYDI"
"2392","ACSA"
"2393","ACSA"
"2394","ACSA"
"2395","ACSA"
"2396","GLTRSK"
"2397","GLTRSK"
"2398","ULXXMO"
"2399","ULXXMO"
"2400","GYDI"
"2401","GYDI"
"2402","GYDI"
"2403","GYDI"
"2404","GYDI"
"2405","GYDI"
"2406","GYDI"
"2407","PYCACH"
"2408","GLTRSK"
"2409","GLTRIN"
"2410","GLTRIN"
"2411","GLTRIN"
"2412","GLTRIN"
"2413","GLTRIN"
"2414","ACFRAB"
"2415","CDJA"
"2416","FRPE"
"2417","FRPE"
"2418","FRPE"
"2419","GYDI"
"2420","UL"
"2421","ULXXMO"
"2422","GYDI"
"2423","QUMA"
"2424","ULAM"
"2425","ULAM"
"2426","ULXXHO"
"2427","GLTRSK"
"2428","GLTRSK"
"2429","GLTRSK"
"2430","GLTRSK"
"2431","GLTRSK"
"2432","GLTRSK"
"2433","ULXXMO"
"2434","ULXXMO"
"2435","ULXXMO"
"2436","GYDI"
"2437","GYDI"
"2438","GYDI"
"2439","GYDI"
"2440","QUMA"
"2441","ULXXHO"
"2442","ACSA"
"2443","GLTRSK"
"2444","GLTRSK"
"2445","GLTRSK"
"2446","GLTRSK"
"2447","GLTRSK"
"2448","GLTRSK"
"2449","GLTRSK"
"2450","GLTRSK"
"2451","GLTRIN"
"2452","GLTRIN"
"2453","GLTRIN"
"2454","GLTRIN"
"2455","GLTRSK"
"2456","QUMA"
"2457","QUMA"
"2458","QUMA"
"2459","ROPS"
"2460","ACSAPY"
"2461","GLTRSK"
"2462","GLTRSK"
"2463","GLTRSK"
"2464","GLTRIN"
"2465","ULXXMO"
"2466","ULXXMO"
"2467","ULXXMO"
"2468","ULXXMO"
"2469","GLTRSK"
"2470","ULXXCA"
"2471","ULXXHO"
"2472","ULXXHO"
"2473","ULXXHO"
"2474","ULXXMO"
"2475","ULXXMO"
"2476","ULXXMO"
"2477","ULXXMO"
"2478","ACPL"
"2479","ACPLEQ"
"2480","ACFRAB"
"2481","ACFRAB"
"2482","FRPEMS"
"2483","FRPEMS"
"2484","FRPEMS"
"2485","FRPEMS"
"2486","GYDI"
"2487","GYDI"
"2488","ULXXNH"
"2489","ACPLCO"
"2490","ACFRAB"
"2491","CEOC"
"2492","GYDI"
"2493","GYDI"
"2494","ACPLEQ"
"2495","GYDI"
"2496","GYDI"
"2497","GYDI"
"2498","ACPL"
"2499","ACPL"
"2500","ACPL"
"2501","ACPLCO"
"2502","CEOC"
"2503","GYDI"
"2504","CEOC"
"2505","CEOC"
"2506","CEOC"
"2507","FRPE"
"2508","GYDI"
"2509","GYDI"
"2510","GYDI"
"2511","QUMA"
"2512","CEOC"
"2513","SYRE"
"2514","SYRE"
"2515","SYRE"
"2516","ULXXHO"
"2517","ULXXHO"
"2518","ULXXMO"
"2519","ULXXMO"
"2520","ULAM"
"2521","ULAM"
"2522","ULXXHO"
"2523","ULXXHO"
"2524","SYRE"
"2525","SYRE"
"2526","SYRE"
"2527","SYRE"
"2528","SYRE"
"2529","ACSA"
"2530","ACSA"
"2531","ACSA"
"2532","ACSA"
"2533","ACSA"
"2534","GIBI"
"2535","GYDI"
"2536","ULDADI"
"2537","ULXXHO"
"2538","ACSA"
"2539","ACSA"
"2540","ACFRAB"
"2541","GYDI"
"2542","ULAM"
"2543","ULAM"
"2544","ULXXHO"
"2545","ULHOPI"
"2546","ACPLDE"
"2547","ACPLDE"
"2548","ACPLDE"
"2549","ACPLDE"
"2550","ACPLDE"
"2551","ACPLDE"
"2552","ACPLDE"
"2553","ACPLDE"
"2554","ACPLDE"
"2555","ACPLDE"
"2556","ACPLDE"
"2557","ACPLDE"
"2558","ULAM"
"2559","ULAM"
"2560","ULAM"
"2561","ULAM"
"2562","ULAM"
"2563","ULAM"
"2564","ULAM"
"2565","ULAM"
"2566","ULAM"
"2567","ULAM"
"2568","ULAM"
"2569","ULXXHO"
"2570","ACPL"
"2571","AEGL"
"2572","AEGL"
"2573","AEGL"
"2574","GYDI"
"2575","GYDI"
"2576","GYDI"
"2577","QUMA"
"2578","ULDADI"
"2579","GIBI"
"2580","GIBI"
"2581","ULAM"
"2582","ULAM"
"2583","ULXXMO"
"2584","ACPLCO"
"2585","GYDI"
"2586","GYDI"
"2587","ACPLCO"
"2588","CEOC"
"2589","CEOC"
"2590","CEOC"
"2591","QUMA"
"2592","ACFRAB"
"2593","ACFRAB"
"2594","ACFRAB"
"2595","ACFRAB"
"2596","ACFRAB"
"2597","ACFRAB"
"2598","ACFRAB"
"2599","ACFRAB"
"2600","ACPLCO"
"2601","ACPLCO"
"2602","QUMA"
"2603","QUMA"
"2604","QUMA"
"2605","ULDADI"
"2606","ULXXMO"
"2607","ULXXMO"
"2608","ACSA"
"2609","ACSAPY"
"2610","GLTRSK"
"2611","GLTRIN"
"2612","CEOC"
"2613","GLTRSK"
"2614","GLTRSK"
"2615","GLTRSK"
"2616","GLTRSK"
"2617","GLTRSK"
"2618","ULXXMO"
"2619","ULXXMO"
"2620","ULXXMO"
"2621","ULXXHO"
"2622","ULXXHO"
"2623","ULXXMO"
"2624","ULXXMO"
"2625","ACSA"
"2626","GYDI"
"2627","OSVI"
"2628","ULAM"
"2629","ZESEGV"
"2630","ACPL"
"2631","ACPL"
"2632","ACPL"
"2633","ACPLCO"
"2634","ULDADI"
"2635","ULDADI"
"2636","ACPL"
"2637","ACPLEQ"
"2638","ACTA"
"2639","ALGL"
"2640","ALGL"
"2641","ALGL"
"2642","SYREIS"
"2643","GIBI"
"2644","GLTRSK"
"2645","ACFRAB"
"2646","CEOC"
"2647","CEOC"
"2648","CEOC"
"2649","CEOC"
"2650","CEOC"
"2651","CEOC"
"2652","CEOC"
"2653","CEOC"
"2654","QUMA"
"2655","QUMA"
"2656","QUMA"
"2657","CEOC"
"2658","CEOC"
"2659","CEOC"
"2660","CEOC"
"2661","CEOC"
"2662","CEOC"
"2663","CEOC"
"2664","CEOC"
"2665","CEOC"
"2666","CEOC"
"2667","GIBIAG"
"2668","GIBIAG"
"2669","GIBIAG"
"2670","CEOC"
"2671","CEOC"
"2672","GYDI"
"2673","CEOC"
"2674","FRPEMS"
"2675","FRPEMS"
"2676","FRPESU"
"2677","QUMA"
"2678","CEOC"
"2679","CEOC"
"2680","FRPEMS"
"2681","FRPEMS"
"2682","CEOC"
"2683","FRPE"
"2684","FRPE"
"2685","FRPEMS"
"2686","CEOC"
"2687","CEOC"
"2688","FRPEMS"
"2689","GYDI"
"2690","ULXXHO"
"2691","ULXXHO"
"2692","ULXXMO"
"2693","GYDI"
"2694","GYDI"
"2695","CEOC"
"2696","CEOC"
"2697","CEOC"
"2698","JUNI"
"2699","TICO"
"2700","ACSA"
"2701","ACFRAB"
"2702","ACFRAB"
"2703","ACFRAB"
"2704","ULXXMO"
"2705","ULXXMO"
"2706","GYDI"
"2707","ULAM"
"2708","ULXXMO"
"2709","ACSA"
"2710","ACSA"
"2711","ACSA"
"2712","ACSAPY"
"2713","ACSAPY"
"2714","ACSAPY"
"2715","ACSAPY"
"2716","ACSAPY"
"2717","GIBI"
"2718","GLTRSK"
"2719","GLTRIN"
